ID	Order	Rank	Set Name	Type	Item Name	Skills	Slots	Set Bonus Name	Set Bonus 2	Set Bonus 3	Set Bonus 4	Set Bonus 5
1	1		Bone α +	Head		Health Boost 2, Partbreaker 1	3					
2	2		Bone α +	Chest		Attack Boost 2, Health Boost 1	2					
3	3		Bone α +	Arm		Slugger 2, Attack Boost 1	2					
4	4		Bone α +	Waist		Horn Maestro 1, Partbreaker 1	3					
5	5		Bone α +	Leg		Slugger 1, Horn Maestro 1	3					
6	6		Bone β +	Head		Health Boost 1, Partbreaker 1	4					
7	7		Bone β +	Chest		Attack Boost 1	41					
8	8		Bone β +	Arm		Slugger 1	41					
9	9		Bone β +	Waist		Horn Maestro 1	41					
10	10		Bone β +	Leg		Slugger 1	4					
11	11		Alloy α +	Head		Windproof 2, Defense Boost 1	2					
12	12		Alloy α +	Chest		Water Resistance 2, Defense Boost 1	3					
13	13		Alloy α +	Arm		Defense Boost 2, Speed Sharpening 1	3					
14	14		Alloy α +	Waist		Poison Resistance 2, Windproof 1	3					
15	15		Alloy α +	Leg		Speed Sharpening 2, Windproof 1	3					
16	16		Alloy β +	Head		Windproof 1	41					
17	17		Alloy β +	Chest		Water Resistance 1	41					
18	18		Alloy β +	Arm		Defense Boost 1	41					
19	19		Alloy β +	Waist		Poison Resistance 1, Windproof 1	4					
20	20		Alloy β +	Leg		Speed Sharpening 1, Windproof 1	4					
21	21		Vespoid α +	Head		Quick Sheath 1, Paralysis Attack 1	3					
22	22		Vespoid α +	Chest		Windproof 2	21					
23	23		Vespoid α +	Arm		Paralysis Attack 2, Quick Sheath 1	3					
24	24		Vespoid α +	Waist		Paralysis Resistance 2, Quick Sheath 1	3					
25	25		Vespoid α +	Leg		Critical Draw 1, Paralysis Resistance 1	3					
26	26		Vespoid β +	Head		Quick Sheath 1	41					
27	27		Vespoid β +	Chest		Windproof 1	41					
28	28		Vespoid β +	Arm		Paralysis Attack 1	41					
29	29		Vespoid β +	Waist		Paralysis Resistance 1	41					
30	30		Vespoid β +	Leg		Critical Draw 1	41					
31	31		Hornetaur α +	Head		Weakness Exploit 1, Dragon Attack 2	2					
32	32		Hornetaur α +	Chest		Effluvial Expert 1, Hunger Resistance 2	21					
33	33		Hornetaur α +	Arm		Free Meal 1, Handicraft 1	3					
34	34		Hornetaur α +	Waist		Weakness Exploit 1, Hunger Resistance 1	2					
35	35		Hornetaur α +	Leg		Handicraft 1, Dragon Attack 1	21					
36	36		Hornetaur β +	Head		Weakness Exploit 1, Dragon Attack 1	4					
37	37		Hornetaur β +	Chest		Effluvial Expert 1	421					
38	38		Hornetaur β +	Arm		Free Meal 1	42					
39	39		Hornetaur β +	Waist		Weakness Exploit 1	41					
40	40		Hornetaur β +	Leg		Handicraft 1	41					
41	41		Kestodon α +	Arm		Affinity Sliding 1, Focus 2	11					
42	42		Kestodon β +	Arm		Affinity Sliding 1, Focus 1	41					
43	43		Gajau α +	Leg		Aquatic/Polar Mobility 2, Water Attack 2	21					
44	44		Gajau β +	Leg		Aquatic/Polar Mobility 1, Water Attack 1	41					
45	45		Shamos α +	Head		Detector 1, Geologist 2	21					
46	46		Shamos β +	Head		Detector 1, Geologist 1	42					
47	47		Gastodon α +	Head		Flinch Free 2, Blast Resistance 1	1					
48	48		Gastodon β +	Head		Flinch Free 1, Blast Resistance 1	41					
49	49		Barnos α +	Chest		Heat Guard 1, Iron Skin 2	22					
50	50		Barnos β +	Chest		Heat Guard 1, Iron Skin 1	42					
51	51		Wulg α +	Head		Ice Resistance 2, Master Mounter 1	21					
52	52		Wulg β +	Head		Ice Resistance 1, Master Mounter 1	41					
53	53		Cortos α +	Chest		Hunger Resistance 2, Jump Master 1	11					
54	54		Cortos β +	Chest		Hunger Resistance 1, Jump Master 1	4					
55	55		Jagras α +	Head		Speed Eating 2, Attack Boost 2	2					
56	56		Jagras α +	Chest		Evade Extender 1, Attack Boost 2	3					
57	57		Jagras α +	Arm		Evade Extender 2, Recovery Up 1	2					
58	58		Jagras α +	Waist		Recovery Up 1, Speed Eating 1	21					
59	59		Jagras α +	Leg		Free Meal 1, Recovery Up 1	21					
60	60		Jagras β +	Head		Speed Eating 1, Attack Boost 1	41					
61	61		Jagras β +	Chest		Evade Extender 1, Attack Boost 1	4					
62	62		Jagras β +	Arm		Evade Extender 1, Recovery Up 1	4					
63	63		Jagras β +	Waist		Recovery Up 1	41					
64	64		Jagras β +	Leg		Free Meal 1	41					
65	65		Tzitzi α +	Head		Free Elem/Ammo Up 1, Stun Resistance 1	21					
66	66		Tzitzi α +	Chest		Constitution 2, Water Attack 2	11					
67	67		Tzitzi α +	Arm		Stun Resistance 2, Wide-Range 2	2					
68	68		Tzitzi α +	Waist		Wide-Range 2, Water Attack 2	2					
69	69		Tzitzi α +	Leg		Sleep Resistance 2, Wide-Range 1	3					
70	70		Tzitzi β +	Head		Free Elem/Ammo Up 1	41					
71	71		Tzitzi β +	Chest		Constitution 1, Water Attack 1	41					
72	72		Tzitzi β +	Arm		Stun Resistance 2, Wide-Range 1	4					
73	73		Tzitzi β +	Waist		Wide-Range 2	41					
74	74		Tzitzi β +	Leg		Sleep Resistance 1, Wide-Range 1	4					
75	75		Girros α +	Head		Horn Maestro 2, Paralysis Resistance 1	2					
76	76		Girros α +	Chest		Paralysis Resistance 2, Free Elem/Ammo Up 1	2					
77	77		Girros α +	Arm		Free Elem/Ammo Up 1, Effluvia Resistance 2	1					
78	78		Girros α +	Waist		Effluvial Expert 1, Paralysis Attack 2	3					
79	79		Girros α +	Leg		Paralysis Attack 2, Free Elem/Ammo Up 1	1					
80	80		Girros β +	Head		Horn Maestro 2	4					
81	81		Girros β +	Chest		Paralysis Resistance 2	42					
82	82		Girros β +	Arm		Free Elem/Ammo Up 1, Effluvia Resistance 1	4					
83	83		Girros β +	Waist		Effluvial Expert 1	42					
84	84		Girros β +	Leg		Paralysis Attack 2	4					
85	85		Dodogama α +	Head		Blast Resistance 2, Bombardier 1	3					
86	86		Dodogama α +	Chest		Blast Attack 2, Artillery 1	2					
87	87		Dodogama α +	Arm		Bombardier 2, Blast Attack 1	2					
88	88		Dodogama α +	Waist		Artillery 2, Blast Resistance 1	21					
89	89		Dodogama α +	Leg		Capacity Boost 1, Blast Attack 1	21					
90	90		Dodogama β +	Head		Blast Resistance 2	4					
91	91		Dodogama β +	Chest		Blast Attack 2	4					
92	92		Dodogama β +	Arm		Bombardier 1, Blast Attack 1	4					
93	93		Dodogama β +	Waist		Artillery 2	41					
94	94		Dodogama β +	Leg		Capacity Boost 1	41					
95	95		Kulu α +	Head		Slinger Capacity 2, Critical Boost 1	1					
96	96		Kulu α +	Chest		Stamina Surge 1, Critical Eye 2	2					
97	97		Kulu α +	Arm		Critical Boost 1, Pro Transporter 1	11					
98	98		Kulu α +	Waist		Item Prolonger 2, Critical Eye 1	3					
99	99		Kulu α +	Leg		Critical Eye 2, Item Prolonger 1	2					
100	100		Kulu β +	Head		Slinger Capacity 2	4					
101	101		Kulu β +	Chest		Stamina Surge 1, Critical Eye 1	4					
102	102		Kulu β +	Arm		Critical Boost 1	4					
103	103		Kulu β +	Waist		Item Prolonger 2	41					
104	104		Kulu β +	Leg		Critical Eye 1, Item Prolonger 1	4					
105	105		Pukei α +	Head		Survival Expert 2, Poison Resistance 1	22					
106	106		Pukei α +	Chest		Item Prolonger 2, Peak Performance 1	2					
107	107		Pukei α +	Arm		Peak Performance 2, Survival Expert 1	1					
108	108		Pukei α +	Waist		Poison Attack 2, Item Prolonger 1	3					
109	109		Pukei α +	Leg		Poison Resistance 2, Poison Attack 2	3					
110	110		Pukei β +	Head		Survival Expert 2	411					
111	111		Pukei β +	Chest		Item Prolonger 1, Peak Performance 1	4					
112	112		Pukei β +	Arm		Peak Performance 1, Survival Expert 1	4					
113	113		Pukei β +	Waist		Poison Attack 1, Item Prolonger 1	41					
114	114		Pukei β +	Leg		Poison Resistance 2	42					
115	115		Coral Pukei α +	Head		Critical Draw 2, Item Prolonger 1	1					
116	116		Coral Pukei α +	Chest		Power Prolonger 1, Critical Draw 1	2					
117	117		Coral Pukei α +	Arm		Partbreaker 1, Power Prolonger 1	1					
118	118		Coral Pukei α +	Waist		Water Attack 2, Partbreaker 1	2					
119	119		Coral Pukei α +	Leg		Item Prolonger 2, Water Attack 2	1					
120	120		Coral Pukei β +	Head		Critical Draw 1, Item Prolonger 1	4					
121	121		Coral Pukei β +	Chest		Power Prolonger 1	41					
122	122		Coral Pukei β +	Arm		Partbreaker 1	41					
123	123		Coral Pukei β +	Waist		Water Attack 1, Partbreaker 1	4					
124	124		Coral Pukei β +	Leg		Item Prolonger 2	41					
125	125		Barroth α +	Head		Guard 2, Marathon Runner 1	2					
126	126		Barroth α +	Chest		Stamina Thief 2, Agitator 1	11					
127	127		Barroth α +	Arm		Marathon Runner 1, Guard 1	31					
128	128		Barroth α +	Waist		Agitator 2, Guard 1	1					
129	129		Barroth α +	Leg		Stun Resistance 2, Marathon Runner 1	31					
130	130		Barroth β +	Head		Guard 2	41					
131	131		Barroth β +	Chest		Stamina Thief 2	41					
132	132		Barroth β +	Arm		Marathon Runner 1	42					
133	133		Barroth β +	Waist		Agitator 2	4					
134	134		Barroth β +	Leg		Stun Resistance 2	421					
135	135		Jyura α +	Head		Latent Power 2, Focus 1	11					
136	136		Jyura α +	Chest		Latent Power 1, Water Attack 2	2					
137	137		Jyura α +	Arm		Water Attack 2, Ice Resistance 1	21					
138	138		Jyura α +	Waist		Ice Resistance 2, Latent Power 1	3					
139	139		Jyura α +	Leg		Focus 2, Water Attack 1	2					
140	140		Jyura β +	Head		Latent Power 1, Focus 1	41					
141	141		Jyura β +	Chest		Latent Power 1, Water Attack 1	4					
142	142		Jyura β +	Arm		Water Attack 2	42					
143	143		Jyura β +	Waist		Ice Resistance 2	41					
144	144		Jyura β +	Leg		Focus 1, Water Attack 1	41					
145	145		Beo α +	Head		Aquatic/Polar Mobility 2, Earplugs 1	2					
146	146		Beo α +	Chest		Stamina Surge 1, Ice Attack 2	3					
147	147		Beo α +	Arm		Ice Attack 2, Health Boost 1	3					
148	148		Beo α +	Waist		Health Boost 2, Earplugs 2	2					
149	149		Beo α +	Leg		Earplugs 2, Ice Attack 1	2					
150	150		Beo β +	Head		Aquatic/Polar Mobility 2	41					
151	151		Beo β +	Chest		Stamina Surge 1	42					
152	152		Beo β +	Arm		Ice Attack 2	4					
153	153		Beo β +	Waist		Health Boost 2, Earplugs 1	41					
154	154		Beo β +	Leg		Earplugs 2	4					
155	155		Kadachi α +	Head		Constitution 2, Evade Extender 1	2					
156	156		Kadachi α +	Chest		Jump Master 1, Constitution 1	21					
157	157		Kadachi α +	Arm		Evade Extender 2, Thunder Attack 2	2					
158	158		Kadachi α +	Waist		Thunder Attack 2, Thunder Resistance 1	31					
159	159		Kadachi α +	Leg		Thunder Resistance 2, Constitution 1	31					
160	160		Kadachi β +	Head		Constitution 1, Evade Extender 1	41					
161	161		Kadachi β +	Chest		Jump Master 1	42					
162	162		Kadachi β +	Arm		Evade Extender 1, Thunder Attack 2	42					
163	163		Kadachi β +	Waist		Thunder Attack 2	41					
164	164		Kadachi β +	Leg		Thunder Resistance 2	411					
165	165		Viper Kadachi α +	Head		Evade Extender 2, Paralysis Attack 1	1					
166	166		Viper Kadachi α +	Chest		Quick Sheath 1, Evade Extender 1	11					
167	167		Viper Kadachi α +	Arm		Poison Attack 2, Evade Window 1	2					
168	168		Viper Kadachi α +	Waist		Constitution 1, Quick Sheath 1	2					
169	169		Viper Kadachi α +	Leg		Evade Window 1, Constitution 1	2					
170	170		Viper Kadachi β +	Head		Evade Extender 1, Paralysis Attack 1	4					
171	171		Viper Kadachi β +	Chest		Quick Sheath 1	41					
172	172		Viper Kadachi β +	Arm		Poison Attack 1, Evade Window 1	4					
173	173		Viper Kadachi β +	Waist		Constitution 1	41					
174	174		Viper Kadachi β +	Leg		Evade Window 1	41					
175	175		High Metal α +	Head		Ice Resistance 2, Earplugs 2	2					
176	176		High Metal α +	Chest		Earplugs 2, Ice Attack 1	2					
177	177		High Metal α +	Arm		Defense Boost 2, Ice Attack 2	21					
178	178		High Metal α +	Waist		Capacity Boost 1, Defense Boost 2	22					
179	179		High Metal α +	Leg		Heavy Artillery 2, Ice Resistance 1	221					
180	180		High Metal β +	Head		Ice Resistance 2, Earplugs 1	41					
181	181		High Metal β +	Chest		Earplugs 1, Ice Attack 1	41					
182	182		High Metal β +	Arm		Defense Boost 2, Ice Attack 1	41					
183	183		High Metal β +	Waist		Capacity Boost 1, Defense Boost 1	42					
184	184		High Metal β +	Leg		Heavy Artillery 1, Ice Resistance 1	42					
185	185		Banbaro α +	Head		Resentment 2, Mushroomancer 1	2					
186	186		Banbaro α +	Chest		Speed Eating 1, Offensive Guard 1	3					
187	187		Banbaro α +	Arm		Offensive Guard 1, Health Boost 2	2					
188	188		Banbaro α +	Waist		Mushroomancer 1, Offensive Guard 1	3					
189	189		Banbaro α +	Leg		Mushroomancer 1, Speed Eating 1	3					
190	190		Banbaro β +	Head		Resentment 2	41					
191	191		Banbaro β +	Chest		Speed Eating 1	41					
192	192		Banbaro β +	Arm		Offensive Guard 1, Health Boost 1	4					
193	193		Banbaro β +	Waist		Mushroomancer 1	41					
194	194		Banbaro β +	Leg		Mushroomancer 1	41					
195	195		Anja α +	Head		Fire Attack 2, Fire Resistance 1	3	Anjanath Dominance	Stamina Cap Up			
196	196		Anja α +	Chest		Marathon Runner 2, Special Ammo Boost 1	11	Anjanath Dominance	Stamina Cap Up			
197	197		Anja α +	Arm		Special Ammo Boost 1, Fire Attack 2	2	Anjanath Dominance	Stamina Cap Up			
198	198		Anja α +	Waist		Fire Resistance 2, Artillery 1	31	Anjanath Dominance	Stamina Cap Up			
199	199		Anja α +	Leg		Artillery 2, Marathon Runner 1	2	Anjanath Dominance	Stamina Cap Up			
200	200		Anja β +	Head		Fire Attack 2	4	Anjanath Dominance	Stamina Cap Up			
201	201		Anja β +	Chest		Marathon Runner 1, Special Ammo Boost 1	41	Anjanath Dominance	Stamina Cap Up			
202	202		Anja β +	Arm		Special Ammo Boost 1, Fire Attack 1	4	Anjanath Dominance	Stamina Cap Up			
203	203		Anja β +	Waist		Fire Resistance 2	42	Anjanath Dominance	Stamina Cap Up			
204	204		Anja β +	Leg		Artillery 2	41	Anjanath Dominance	Stamina Cap Up			
205	205		Fulgur Anja α +	Head		Weakness Exploit 1, Resuscitate 1	21	Anjanath Dominance	Stamina Cap Up			
206	206		Fulgur Anja α +	Chest		Flinch Free 1, Stun Resistance 2	3	Anjanath Dominance	Stamina Cap Up			
207	207		Fulgur Anja α +	Arm		Item Prolonger 2, Thunder Attack 2	2	Anjanath Dominance	Stamina Cap Up			
208	208		Fulgur Anja α +	Waist		Weakness Exploit 2, Item Prolonger 1	1	Anjanath Dominance	Stamina Cap Up			
209	209		Fulgur Anja α +	Leg		Thunder Attack 2, Special Ammo Boost 1	21	Anjanath Dominance	Stamina Cap Up			
210	210		Fulgur Anja β +	Head		Weakness Exploit 1	42	Anjanath Dominance	Stamina Cap Up			
211	211		Fulgur Anja β +	Chest		Flinch Free 1, Stun Resistance 1	4	Anjanath Dominance	Stamina Cap Up			
212	212		Fulgur Anja β +	Arm		Item Prolonger 2	42	Anjanath Dominance	Stamina Cap Up			
213	213		Fulgur Anja β +	Waist		Weakness Exploit 1, Item Prolonger 1	41	Anjanath Dominance	Stamina Cap Up			
214	214		Fulgur Anja β +	Leg		Thunder Attack 2	41	Anjanath Dominance	Stamina Cap Up			
215	215		Rathian α +	Head		Health Boost 2, Poison Attack 1	3	Rathian Essence	Poison Duration Up			
216	216		Rathian α +	Chest		Botanist 2, Recovery Up 1	22	Rathian Essence	Poison Duration Up			
217	217		Rathian α +	Arm		Poison Attack 2, Botanist 1	3	Rathian Essence	Poison Duration Up			
218	218		Rathian α +	Waist		Poison Resistance 2, Health Boost 1	32	Rathian Essence	Poison Duration Up			
219	219		Rathian α +	Leg		Recovery Up 2, Poison Resistance 1	3	Rathian Essence	Poison Duration Up			
220	220		Rathian β +	Head		Health Boost 1, Poison Attack 1	4	Rathian Essence	Poison Duration Up			
221	221		Rathian β +	Chest		Botanist 1, Recovery Up 1	42	Rathian Essence	Poison Duration Up			
222	222		Rathian β +	Arm		Poison Attack 2	4	Rathian Essence	Poison Duration Up			
223	223		Rathian β +	Waist		Poison Resistance 1, Health Boost 1	42	Rathian Essence	Poison Duration Up			
224	224		Rathian β +	Leg		Recovery Up 2	4	Rathian Essence	Poison Duration Up			
225	225		Rath Heart α +	Head		Evade Extender 2, Cliffhanger 1	3	Rathian Essence	Poison Duration Up			
226	226		Rath Heart α +	Chest		Tool Specialist 2, Handicraft 1	2	Rathian Essence	Poison Duration Up			
227	227		Rath Heart α +	Arm		Windproof 2, Handicraft 1	2	Rathian Essence	Poison Duration Up			
228	228		Rath Heart α +	Waist		Handicraft 1, Poison Resistance 2	3	Rathian Essence	Poison Duration Up			
229	229		Rath Heart α +	Leg		Tool Specialist 1, Windproof 1	21	Rathian Essence	Poison Duration Up			
230	230		Rath Heart β +	Head		Evade Extender 2	41	Rathian Essence	Poison Duration Up			
231	231		Rath Heart β +	Chest		Tool Specialist 2	411	Rathian Essence	Poison Duration Up			
232	232		Rath Heart β +	Arm		Windproof 2	42	Rathian Essence	Poison Duration Up			
233	233		Rath Heart β +	Waist		Handicraft 1, Poison Resistance 1	4	Rathian Essence	Poison Duration Up			
234	234		Rath Heart β +	Leg		Tool Specialist 1	42	Rathian Essence	Poison Duration Up			
235	235		Lumu α +	Head		Stamina Surge 2, Windproof 1	3					
236	236		Lumu α +	Chest		Master Mounter 1, Artillery 1	31					
237	237		Lumu α +	Arm		Artillery 2, Windproof 1	22					
238	238		Lumu α +	Waist		Divine Blessing 2, Windproof 1	22					
239	239		Lumu α +	Leg		Windproof 2, Stamina Surge 1	3					
240	240		Lumu β +	Head		Stamina Surge 2	41					
241	241		Lumu β +	Chest		Master Mounter 1	41					
242	242		Lumu β +	Arm		Artillery 1, Windproof 1	41					
243	243		Lumu β +	Waist		Divine Blessing 1, Windproof 1	41					
244	244		Lumu β +	Leg		Windproof 2	41					
245	245		Lumu Phantasm α +	Head		Weakness Exploit 1, Wide-Range 1	11					
246	246		Lumu Phantasm α +	Chest		Wide-Range 2, Maximum Might 1	2					
247	247		Lumu Phantasm α +	Arm		Maximum Might 1, Sleep Attack 1	2					
248	248		Lumu Phantasm α +	Waist		Sleep Attack 2, Wide-Range 1	2					
249	249		Lumu Phantasm α +	Leg		Sleep Resistance 2, Wide-Range 1	3					
250	250		Lumu Phantasm β +	Head		Weakness Exploit 1	4					
251	251		Lumu Phantasm β +	Chest		Wide-Range 2	41					
252	252		Lumu Phantasm β +	Arm		Maximum Might 1	4					
253	253		Lumu Phantasm β +	Waist		Sleep Attack 2	4					
254	254		Lumu Phantasm β +	Leg		Sleep Resistance 2	41					
255	255		Baan α +	Head		Tremor Resistance 2, Slugger 1	11					
256	256		Baan α +	Chest		Sleep Attack 1, Bleeding Resistance 1	3					
257	257		Baan α +	Arm		Sleep Attack 2, Guard 1	2					
258	258		Baan α +	Waist		Guard 2, Sleep Resistance 2	1					
259	259		Baan α +	Leg		Bleeding Resistance 2, Guard 1	2					
260	260		Baan β +	Head		Tremor Resistance 2	4					
261	261		Baan β +	Chest		Sleep Attack 1	4					
262	262		Baan β +	Arm		Sleep Attack 1, Guard 1	4					
263	263		Baan β +	Waist		Guard 2	4					
264	264		Baan β +	Leg		Bleeding Resistance 2	41					
265	265		Artian α +	Head		Slinger Capacity 2, Free Elem/Ammo Up 1	2	Ancient Divinity	Critical Status			
266	266		Artian α +	Chest		Critical Eye 3, Peak Performance 1	1	Ancient Divinity	Critical Status			
267	267		Artian α +	Arm		Free Elem/Ammo Up 2, Tool Specialist 1	11	Ancient Divinity	Critical Status			
268	268		Artian α +	Waist		Tool Specialist 2, Critical Eye 1	11	Ancient Divinity	Critical Status			
269	269		Artian α +	Leg		Peak Performance 2, Slinger Capacity 1	11	Ancient Divinity	Critical Status			
270	270		Artian β +	Head		Slinger Capacity 1, Free Elem/Ammo Up 1	41	Ancient Divinity	Critical Status			
271	271		Artian β +	Chest		Critical Eye 2, Peak Performance 1	4	Ancient Divinity	Critical Status			
272	272		Artian β +	Arm		Free Elem/Ammo Up 2	4	Ancient Divinity	Critical Status			
273	273		Artian β +	Waist		Tool Specialist 1, Critical Eye 1	41	Ancient Divinity	Critical Status			
274	274		Artian β +	Leg		Peak Performance 2	4	Ancient Divinity	Critical Status			
275	275		Clockwork α +	Head		Agitator 2, Partbreaker 1	11	Commission Alchemy		Bombardier Secret		
276	276		Clockwork α +	Chest		Agitator 2, Special Ammo Boost 1	11	Commission Alchemy		Bombardier Secret		
277	277		Clockwork α +	Arm		Bombardier 3, Tremor Resistance 1	2	Commission Alchemy		Bombardier Secret		
278	278		Clockwork α +	Waist		Partbreaker 2, Sleep Functionality 1	2	Commission Alchemy		Bombardier Secret		
279	279		Clockwork α +	Leg		Critical Boost 1, Bombardier 2	11	Commission Alchemy		Bombardier Secret		
280	280		Clockwork β +	Head		Agitator 1, Partbreaker 1	41	Commission Alchemy		Bombardier Secret		
281	281		Clockwork β +	Chest		Agitator 2	41	Commission Alchemy		Bombardier Secret		
282	282		Clockwork β +	Arm		Bombardier 3, Tremor Resistance 1	4	Commission Alchemy		Bombardier Secret		
283	283		Clockwork β +	Waist		Partbreaker 2	41	Commission Alchemy		Bombardier Secret		
284	284		Clockwork β +	Leg		Critical Boost 1, Bombardier 1	4	Commission Alchemy		Bombardier Secret		
285	285		Ingot α +	Head		Thunder Attack 2, Windproof 1	2					
286	286		Ingot α +	Chest		Thunder Resistance 2, Free Elem/Ammo Up 1	3					
287	287		Ingot α +	Arm		Health Boost 2, Thunder Attack 2	21					
288	288		Ingot α +	Waist		Windproof 2, Free Elem/Ammo Up 1	2					
289	289		Ingot α +	Leg		Defense Boost 2, Free Elem/Ammo Up 1	2					
290	290		Ingot β +	Head		Thunder Attack 2	42					
291	291		Ingot β +	Chest		Thunder Resistance 1, Free Elem/Ammo Up 1	4					
292	292		Ingot β +	Arm		Health Boost 2, Thunder Attack 1	4					
293	293		Ingot β +	Waist		Windproof 1, Free Elem/Ammo Up 1	41					
294	294		Ingot β +	Leg		Defense Boost 1, Free Elem/Ammo Up 1	4					
295	295		Barioth α +	Head		Evade Extender 2, Power Prolonger 1	11	Barioth Hidden Art	Punishing Draw			
296	296		Barioth α +	Chest		Power Prolonger 1, Constitution 1	3	Barioth Hidden Art	Punishing Draw			
297	297		Barioth α +	Arm		Recovery Up 2, Constitution 2	2	Barioth Hidden Art	Punishing Draw			
298	298		Barioth α +	Waist		Quick Sheath 1, Recovery Up 1	3	Barioth Hidden Art	Punishing Draw			
299	299		Barioth α +	Leg		Constitution 2, Quick Sheath 1	11	Barioth Hidden Art	Punishing Draw			
300	300		Barioth β +	Head		Evade Extender 1, Power Prolonger 1	41	Barioth Hidden Art	Punishing Draw			
301	301		Barioth β +	Chest		Power Prolonger 1	41	Barioth Hidden Art	Punishing Draw			
302	302		Barioth β +	Arm		Recovery Up 2, Constitution 1	4	Barioth Hidden Art	Punishing Draw			
303	303		Barioth β +	Waist		Quick Sheath 1	4	Barioth Hidden Art	Punishing Draw			
304	304		Barioth β +	Leg		Constitution 1, Quick Sheath 1	41	Barioth Hidden Art	Punishing Draw			
305	305		Rathalos α +	Head		Attack Boost 2, Fire Attack 2	2	Rathalos Essence		Mind's Eye/Ballistics		
306	306		Rathalos α +	Chest		Weakness Exploit 2, Fire Attack 1	11	Rathalos Essence		Mind's Eye/Ballistics		
307	307		Rathalos α +	Arm		Jump Master 1, Weakness Exploit 1	3	Rathalos Essence		Mind's Eye/Ballistics		
308	308		Rathalos α +	Waist		Fire Attack 2, Focus 2	2	Rathalos Essence		Mind's Eye/Ballistics		
309	309		Rathalos α +	Leg		Slinger Capacity 2, Attack Boost 2	3	Rathalos Essence		Mind's Eye/Ballistics		
310	310		Rathalos β +	Head		Attack Boost 2	41	Rathalos Essence		Mind's Eye/Ballistics		
311	311		Rathalos β +	Chest		Weakness Exploit 2	4	Rathalos Essence		Mind's Eye/Ballistics		
312	312		Rathalos β +	Arm		Jump Master 1	43	Rathalos Essence		Mind's Eye/Ballistics		
313	313		Rathalos β +	Waist		Fire Attack 2	42	Rathalos Essence		Mind's Eye/Ballistics		
314	314		Rathalos β +	Leg		Slinger Capacity 2, Attack Boost 1	4	Rathalos Essence		Mind's Eye/Ballistics		
315	315		Rath Soul α +	Head		Critical Boost 1, Cliffhanger 1	11	Rathalos Essence		Mind's Eye/Ballistics		
316	316		Rath Soul α +	Chest		Free Elem/Ammo Up 1, Partbreaker 1	2	Rathalos Essence		Mind's Eye/Ballistics		
317	317		Rath Soul α +	Arm		Partbreaker 2, Windproof 1	2	Rathalos Essence		Mind's Eye/Ballistics		
318	318		Rath Soul α +	Waist		Windproof 2, Piercing Shots 1	3	Rathalos Essence		Mind's Eye/Ballistics		
319	319		Rath Soul α +	Leg		Critical Boost 1, Windproof 2	1	Rathalos Essence		Mind's Eye/Ballistics		
320	320		Rath Soul β +	Head		Critical Boost 1	4	Rathalos Essence		Mind's Eye/Ballistics		
321	321		Rath Soul β +	Chest		Free Elem/Ammo Up 1	41	Rathalos Essence		Mind's Eye/Ballistics		
322	322		Rath Soul β +	Arm		Partbreaker 1, Windproof 1	41	Rathalos Essence		Mind's Eye/Ballistics		
323	323		Rath Soul β +	Waist		Windproof 2	42	Rathalos Essence		Mind's Eye/Ballistics		
324	324		Rath Soul β +	Leg		Critical Boost 1, Windproof 1	4	Rathalos Essence		Mind's Eye/Ballistics		
325	325		Diablos α +	Head		Critical Draw 2, Slugger 1	2	Diablos Ambition		Slugger Secret		
326	326		Diablos α +	Chest		Slugger 2, Heroics 2	2	Diablos Ambition		Slugger Secret		
327	327		Diablos α +	Arm		Heroics 3, Tremor Resistance 1	2	Diablos Ambition		Slugger Secret		
328	328		Diablos α +	Waist		Marathon Runner 2, Critical Draw 1	2	Diablos Ambition		Slugger Secret		
329	329		Diablos α +	Leg		Tremor Resistance 2, Slugger 2	11	Diablos Ambition		Slugger Secret		
330	330		Diablos β +	Head		Critical Draw 2	4	Diablos Ambition		Slugger Secret		
331	331		Diablos β +	Chest		Slugger 2, Heroics 1	41	Diablos Ambition		Slugger Secret		
332	332		Diablos β +	Arm		Heroics 2, Tremor Resistance 1	41	Diablos Ambition		Slugger Secret		
333	333		Diablos β +	Waist		Marathon Runner 2	41	Diablos Ambition		Slugger Secret		
334	334		Diablos β +	Leg		Tremor Resistance 2, Slugger 1	41	Diablos Ambition		Slugger Secret		
335	335		Diablos Nero α +	Head		Partbreaker 2, Resentment 1	11	Diablos Ambition		Slugger Secret		
336	336		Diablos Nero α +	Chest		Resentment 2, Marathon Runner 1	2	Diablos Ambition		Slugger Secret		
337	337		Diablos Nero α +	Arm		Slugger 2, Marathon Runner 1	11	Diablos Ambition		Slugger Secret		
338	338		Diablos Nero α +	Waist		Slugger 2, Partbreaker 1	2	Diablos Ambition		Slugger Secret		
339	339		Diablos Nero α +	Leg		Resentment 2, Slugger 1	1	Diablos Ambition		Slugger Secret		
340	340		Diablos Nero β +	Head		Partbreaker 2	41	Diablos Ambition		Slugger Secret		
341	341		Diablos Nero β +	Chest		Resentment 1, Marathon Runner 1	41	Diablos Ambition		Slugger Secret		
342	342		Diablos Nero β +	Arm		Slugger 1, Marathon Runner 1	42	Diablos Ambition		Slugger Secret		
343	343		Diablos Nero β +	Waist		Slugger 2	41	Diablos Ambition		Slugger Secret		
344	344		Diablos Nero β +	Leg		Resentment 2	4	Diablos Ambition		Slugger Secret		
345	345		Legiana α +	Head		Divine Blessing 2, Ice Attack 2	2	Legiana Ambition		Bow Charge Plus		
346	346		Legiana α +	Chest		Evade Window 2, Divine Blessing 2	1	Legiana Ambition		Bow Charge Plus		
347	347		Legiana α +	Arm		Airborne 1, Evade Window 2	3	Legiana Ambition		Bow Charge Plus		
348	348		Legiana α +	Waist		Ice Attack 2, Windproof 2	2	Legiana Ambition		Bow Charge Plus		
349	349		Legiana α +	Leg		Ice Resistance 2, Critical Draw 1	3	Legiana Ambition		Bow Charge Plus		
350	350		Legiana β +	Head		Divine Blessing 2	41	Legiana Ambition		Bow Charge Plus		
351	351		Legiana β +	Chest		Evade Window 2, Divine Blessing 1	4	Legiana Ambition		Bow Charge Plus		
352	352		Legiana β +	Arm		Airborne 1, Evade Window 1	42	Legiana Ambition		Bow Charge Plus		
353	353		Legiana β +	Waist		Ice Attack 2, Windproof 1	41	Legiana Ambition		Bow Charge Plus		
354	354		Legiana β +	Leg		Ice Resistance 2	42	Legiana Ambition		Bow Charge Plus		
355	355		Shrieking Legia α +	Head		Hunger Resistance 2, Evade Extender 1	111	Legiana Ambition		Bow Charge Plus		
356	356		Shrieking Legia α +	Chest		Focus 2, Marathon Runner 1	11	Legiana Ambition		Bow Charge Plus		
357	357		Shrieking Legia α +	Arm		Critical Draw 2, Hunger Resistance 1	11	Legiana Ambition		Bow Charge Plus		
358	358		Shrieking Legia α +	Waist		Evade Extender 2, Focus 1	11	Legiana Ambition		Bow Charge Plus		
359	359		Shrieking Legia α +	Leg		Marathon Runner 2, Spread/Power Shots 1	11	Legiana Ambition		Bow Charge Plus		
360	360		Shrieking Legia β +	Head		Hunger Resistance 2	41	Legiana Ambition		Bow Charge Plus		
361	361		Shrieking Legia β +	Chest		Focus 2	4	Legiana Ambition		Bow Charge Plus		
362	362		Shrieking Legia β +	Arm		Critical Draw 2	4	Legiana Ambition		Bow Charge Plus		
363	363		Shrieking Legia β +	Waist		Evade Extender 2	4	Legiana Ambition		Bow Charge Plus		
364	364		Shrieking Legia β +	Leg		Marathon Runner 2	42	Legiana Ambition		Bow Charge Plus		
365	365		Odogaron α +	Head		Bleeding Resistance 2, Critical Eye 2	2	Odogaron Essence		Protective Polish		
366	366		Odogaron α +	Chest		Speed Sharpening 2, Bleeding Resistance 1	3	Odogaron Essence		Protective Polish		
367	367		Odogaron α +	Arm		Constitution 2, Critical Eye 1	1	Odogaron Essence		Protective Polish		
368	368		Odogaron α +	Waist		Critical Eye 3, Speed Sharpening 1	2	Odogaron Essence		Protective Polish		
369	369		Odogaron α +	Leg		Quick Sheath 2, Critical Eye 1	1	Odogaron Essence		Protective Polish		
370	370		Odogaron β +	Head		Bleeding Resistance 2, Critical Eye 1	4	Odogaron Essence		Protective Polish		
371	371		Odogaron β +	Chest		Speed Sharpening 2	41	Odogaron Essence		Protective Polish		
372	372		Odogaron β +	Arm		Constitution 1, Critical Eye 1	4	Odogaron Essence		Protective Polish		
373	373		Odogaron β +	Waist		Critical Eye 2	42	Odogaron Essence		Protective Polish		
374	374		Odogaron β +	Leg		Quick Sheath 1, Critical Eye 1	4	Odogaron Essence		Protective Polish		
375	375		Death Garon α +	Head		Latent Power 2, Tool Specialist 1	3	Odogaron Essence		Protective Polish		
376	376		Death Garon α +	Chest		Critical Eye 3, Dragon Resistance 2	2	Odogaron Essence		Protective Polish		
377	377		Death Garon α +	Arm		Power Prolonger 1, Dragon Attack 2	21	Odogaron Essence		Protective Polish		
378	378		Death Garon α +	Waist		Dragon Attack 2, Latent Power 1	21	Odogaron Essence		Protective Polish		
379	379		Death Garon α +	Leg		Tool Specialist 2, Power Prolonger 1	11	Odogaron Essence		Protective Polish		
380	380		Death Garon β +	Head		Latent Power 2	42	Odogaron Essence		Protective Polish		
381	381		Death Garon β +	Chest		Critical Eye 2, Dragon Resistance 1	41	Odogaron Essence		Protective Polish		
382	382		Death Garon β +	Arm		Power Prolonger 1, Dragon Attack 1	41	Odogaron Essence		Protective Polish		
383	383		Death Garon β +	Waist		Dragon Attack 2	42	Odogaron Essence		Protective Polish		
384	384		Death Garon β +	Leg		Tool Specialist 2	411	Odogaron Essence		Protective Polish		
385	385		Lavasioth α +	Head		Fire Attack 2, Quick Sheath 1	11					
386	386		Lavasioth α +	Chest		Fire Attack 3, Heat Guard 1	11					
387	387		Lavasioth α +	Arm		Peak Performance 2, Recovery Up 1	1					
388	388		Lavasioth α +	Waist		Quick Sheath 2, Recovery Up 2	1					
389	389		Lavasioth α +	Leg		Spread/Power Shots 1, Fire Attack 2	2					
390	390		Lavasioth β +	Head		Fire Attack 1, Quick Sheath 1	41					
391	391		Lavasioth β +	Chest		Fire Attack 2, Heat Guard 1	41					
392	392		Lavasioth β +	Arm		Peak Performance 1, Recovery Up 1	4					
393	393		Lavasioth β +	Waist		Quick Sheath 2, Recovery Up 1	4					
394	394		Lavasioth β +	Leg		Spread/Power Shots 1, Fire Attack 1	41					
395	395		Uragaan α +	Head		Blast Resistance 2, Flinch Free 1	21	Uragaan Ambition	Guard Up			
396	396		Uragaan α +	Chest		Partbreaker 2, Blast Resistance 1	3	Uragaan Ambition	Guard Up			
397	397		Uragaan α +	Arm		Guard 2, Iron Skin 2	2	Uragaan Ambition	Guard Up			
398	398		Uragaan α +	Waist		Partbreaker 1, Guard 1	21	Uragaan Ambition	Guard Up			
399	399		Uragaan α +	Leg		Guard 2, Offensive Guard 1	1	Uragaan Ambition	Guard Up			
400	400		Uragaan β +	Head		Blast Resistance 2	43	Uragaan Ambition	Guard Up			
401	401		Uragaan β +	Chest		Partbreaker 2	4	Uragaan Ambition	Guard Up			
402	402		Uragaan β +	Arm		Guard 2, Iron Skin 1	4	Uragaan Ambition	Guard Up			
403	403		Uragaan β +	Waist		Partbreaker 1	42	Uragaan Ambition	Guard Up			
404	404		Uragaan β +	Leg		Guard 2	41	Uragaan Ambition	Guard Up			
405	405		Nargacuga α +	Head		Peak Performance 2, Piercing Shots 1	11	Nargacuga Essence		True Razor Sharp/Spare Shot		
406	406		Nargacuga α +	Chest		Evade Window 2, Speed Crawler 1	2	Nargacuga Essence		True Razor Sharp/Spare Shot		
407	407		Nargacuga α +	Arm		Stamina Surge 2, Stealth 2	1	Nargacuga Essence		True Razor Sharp/Spare Shot		
408	408		Nargacuga α +	Waist		Evade Window 2, Stamina Surge 1	1	Nargacuga Essence		True Razor Sharp/Spare Shot		
409	409		Nargacuga α +	Leg		Evade Window 1, Peak Performance 1	11	Nargacuga Essence		True Razor Sharp/Spare Shot		
410	410		Nargacuga β +	Head		Peak Performance 1, Piercing Shots 1	41	Nargacuga Essence		True Razor Sharp/Spare Shot		
411	411		Nargacuga β +	Chest		Evade Window 2	4	Nargacuga Essence		True Razor Sharp/Spare Shot		
412	412		Nargacuga β +	Arm		Stamina Surge 2	4	Nargacuga Essence		True Razor Sharp/Spare Shot		
413	413		Nargacuga β +	Waist		Evade Window 1, Stamina Surge 1	4	Nargacuga Essence		True Razor Sharp/Spare Shot		
414	414		Nargacuga β +	Leg		Evade Window 1	41	Nargacuga Essence		True Razor Sharp/Spare Shot		
415	415		Glavenus α +	Head		Focus 2, Handicraft 1	1	Glavenus Essence		Maximum Might Secret		
416	416		Glavenus α +	Chest		Power Prolonger 2, Maximum Might 1	1	Glavenus Essence		Maximum Might Secret		
417	417		Glavenus α +	Arm		Maximum Might 2, Focus 1	1	Glavenus Essence		Maximum Might Secret		
418	418		Glavenus α +	Waist		Maximum Might 2, Normal Shots 1	11	Glavenus Essence		Maximum Might Secret		
419	419		Glavenus α +	Leg		Handicraft 2, Heat Guard 1	2	Glavenus Essence		Maximum Might Secret		
420	420		Glavenus β +	Head		Focus 1, Handicraft 1	4	Glavenus Essence		Maximum Might Secret		
421	421		Glavenus β +	Chest		Power Prolonger 1, Maximum Might 1	4	Glavenus Essence		Maximum Might Secret		
422	422		Glavenus β +	Arm		Maximum Might 1, Focus 1	4	Glavenus Essence		Maximum Might Secret		
423	423		Glavenus β +	Waist		Maximum Might 2	4	Glavenus Essence		Maximum Might Secret		
424	424		Glavenus β +	Leg		Handicraft 2	4	Glavenus Essence		Maximum Might Secret		
425	425		Acidic Glavenus α +	Head		Maximum Might 2, Effluvia Resistance 2	1	Glavenus Essence		Maximum Might Secret		
426	426		Acidic Glavenus α +	Chest		Handicraft 2, Stamina Surge 1	1	Glavenus Essence		Maximum Might Secret		
427	427		Acidic Glavenus α +	Arm		Stun Resistance 2, Handicraft 1	21	Glavenus Essence		Maximum Might Secret		
428	428		Acidic Glavenus α +	Waist		Handicraft 2, Iron Skin 2	2	Glavenus Essence		Maximum Might Secret		
429	429		Acidic Glavenus α +	Leg		Maximum Might 2, Stamina Surge 1	1	Glavenus Essence		Maximum Might Secret		
430	430		Acidic Glavenus β +	Head		Maximum Might 1, Effluvia Resistance 2	4	Glavenus Essence		Maximum Might Secret		
431	431		Acidic Glavenus β +	Chest		Handicraft 1, Stamina Surge 1	41	Glavenus Essence		Maximum Might Secret		
432	432		Acidic Glavenus β +	Arm		Stun Resistance 2	421	Glavenus Essence		Maximum Might Secret		
433	433		Acidic Glavenus β +	Waist		Handicraft 2	4	Glavenus Essence		Maximum Might Secret		
434	434		Acidic Glavenus β +	Leg		Maximum Might 1	42	Glavenus Essence		Maximum Might Secret		
435	435		Brachydios α +	Head		Agitator 2, Capacity Boost 1	3	Brachydios Essence		Agitator Secret		
436	436		Brachydios α +	Chest		Stamina Thief 2, Agitator 1	1	Brachydios Essence		Agitator Secret		
437	437		Brachydios α +	Arm		Agitator 2, Blast Resistance 2	2	Brachydios Essence		Agitator Secret		
438	438		Brachydios α +	Waist		Blast Attack 2, Stamina Thief 1	3	Brachydios Essence		Agitator Secret		
439	439		Brachydios α +	Leg		Agitator 2, Artillery 2	2	Brachydios Essence		Agitator Secret		
440	440		Brachydios β +	Head		Agitator 2	41	Brachydios Essence		Agitator Secret		
441	441		Brachydios β +	Chest		Stamina Thief 1, Agitator 1	4	Brachydios Essence		Agitator Secret		
442	442		Brachydios β +	Arm		Agitator 2, Blast Resistance 1	4	Brachydios Essence		Agitator Secret		
443	443		Brachydios β +	Waist		Blast Attack 2	42	Brachydios Essence		Agitator Secret		
444	444		Brachydios β +	Leg		Agitator 2, Artillery 1	4	Brachydios Essence		Agitator Secret		
445	445		Tigrex α +	Head		Attack Boost 2, Earplugs 2	1	Tigrex Essence		Free Meal Secret		
446	446		Tigrex α +	Chest		Earplugs 2, Free Meal 1	2	Tigrex Essence		Free Meal Secret		
447	447		Tigrex α +	Arm		Speed Eating 2, Attack Boost 2	1	Tigrex Essence		Free Meal Secret		
448	448		Tigrex α +	Waist		Earplugs 1, Free Meal 1	31	Tigrex Essence		Free Meal Secret		
449	449		Tigrex α +	Leg		Speed Eating 1, Free Meal 1	31	Tigrex Essence		Free Meal Secret		
450	450		Tigrex β +	Head		Attack Boost 2, Earplugs 1	4	Tigrex Essence		Free Meal Secret		
451	451		Tigrex β +	Chest		Earplugs 2	41	Tigrex Essence		Free Meal Secret		
452	452		Tigrex β +	Arm		Speed Eating 2, Attack Boost 1	4	Tigrex Essence		Free Meal Secret		
453	453		Tigrex β +	Waist		Earplugs 1	421	Tigrex Essence		Free Meal Secret		
454	454		Tigrex β +	Leg		Speed Eating 1	42	Tigrex Essence		Free Meal Secret		
455	455		Brute Tigrex α +	Head		Attack Boost 3, Free Meal 1	3	Tigrex Essence		Free Meal Secret		
456	456		Brute Tigrex α +	Chest		Attack Boost 3, Weakness Exploit 1	3	Tigrex Essence		Free Meal Secret		
457	457		Brute Tigrex α +	Arm		Health Boost 3, Attack Boost 2	3	Tigrex Essence		Free Meal Secret		
458	458		Brute Tigrex α +	Waist		Recovery Up 3, Weakness Exploit 1	2	Tigrex Essence		Free Meal Secret		
459	459		Brute Tigrex α +	Leg		Agitator 3, Weakness Exploit 1	1	Tigrex Essence		Free Meal Secret		
460	460		Brute Tigrex β +	Head		Attack Boost 2, Free Meal 1	4	Tigrex Essence		Free Meal Secret		
461	461		Brute Tigrex β +	Chest		Attack Boost 2, Weakness Exploit 1	41	Tigrex Essence		Free Meal Secret		
462	462		Brute Tigrex β +	Arm		Health Boost 2, Attack Boost 2	4	Tigrex Essence		Free Meal Secret		
463	463		Brute Tigrex β +	Waist		Recovery Up 2, Weakness Exploit 1	4	Tigrex Essence		Free Meal Secret		
464	464		Brute Tigrex β +	Leg		Agitator 2, Weakness Exploit 1	4	Tigrex Essence		Free Meal Secret		
455	465		Black Belt α +	Head		Marathon Runner 2, Mushroomancer 1	3	Instructor's Guidance	Capture Master			
456	466		Black Belt α +	Chest		Mushroomancer 2, Wide-Range 1	111	Instructor's Guidance	Capture Master			
457	467		Black Belt α +	Arm		Wide-Range 2, Horn Maestro 2	3	Instructor's Guidance	Capture Master			
458	468		Black Belt α +	Waist		Recovery Up 2, Marathon Runner 1	3	Instructor's Guidance	Capture Master			
459	469		Black Belt α +	Leg		Wide-Range 2, Recovery Up 1	22	Instructor's Guidance	Capture Master			
460	470		Black Belt β +	Head		Marathon Runner 2	42	Instructor's Guidance	Capture Master			
461	471		Black Belt β +	Chest		Mushroomancer 2	411	Instructor's Guidance	Capture Master			
462	472		Black Belt β +	Arm		Wide-Range 2	41	Instructor's Guidance	Capture Master			
463	473		Black Belt β +	Waist		Recovery Up 2	41	Instructor's Guidance	Capture Master			
464	474		Black Belt β +	Leg		Wide-Range 2	42	Instructor's Guidance	Capture Master			
465	475		Dober α +	Head		Free Elem/Ammo Up 2, Stamina Surge 1	1					
466	476		Dober α +	Chest		Attack Boost 2, Effluvia Resistance 1	111					
467	477		Dober α +	Arm		Stamina Surge 2, Mushroomancer 1	21					
468	478		Dober α +	Waist		Attack Boost 2, Stun Resistance 2	21					
469	479		Dober α +	Leg		Attack Boost 2, Mushroomancer 2	2					
470	480		Dober β +	Head		Free Elem/Ammo Up 2	4					
471	481		Dober β +	Chest		Attack Boost 1, Effluvia Resistance 1	411					
472	482		Dober β +	Arm		Stamina Surge 1, Mushroomancer 1	41					
473	483		Dober β +	Waist		Attack Boost 1, Stun Resistance 1	42					
474	484		Dober β +	Leg		Attack Boost 1, Mushroomancer 1	42					
475	485		Damascus α +	Head		Defense Boost 3, Speed Sharpening 2	3					
476	486		Damascus α +	Chest		Focus 2, Defense Boost 2	31					
477	487		Damascus α +	Arm		Handicraft 2, Speed Sharpening 1	21					
478	488		Damascus α +	Waist		Focus 1, Guard 1	32					
479	489		Damascus α +	Leg		Defense Boost 2, Guard 2	21					
480	490		Damascus β +	Head		Defense Boost 3	411					
481	491		Damascus β +	Chest		Focus 2	421					
482	492		Damascus β +	Arm		Handicraft 2	41					
483	493		Damascus β +	Waist		Focus 1	421					
484	494		Damascus β +	Leg		Defense Boost 2, Guard 1	42					
485	495		Seething Bazel α +	Head		Earplugs 2, Blast Attack 2	21	Bazelgeuse Ambition	Guts			
486	496		Seething Bazel α +	Chest		Guard 2, Blast Resistance 2	11	Bazelgeuse Ambition	Guts			
487	497		Seething Bazel α +	Arm		Critical Draw 2, Earplugs 1	3	Bazelgeuse Ambition	Guts			
488	498		Seething Bazel α +	Waist		Bombardier 2, Critical Draw 1	3	Bazelgeuse Ambition	Guts			
489	499		Seething Bazel α +	Leg		Earplugs 2, Jump Master 1	3	Bazelgeuse Ambition	Guts			
490	500		Seething Bazel β +	Head		Earplugs 2, Blast Attack 1	41	Bazelgeuse Ambition	Guts			
491	501		Seething Bazel β +	Chest		Guard 2	411	Bazelgeuse Ambition	Guts			
492	502		Seething Bazel β +	Arm		Critical Draw 2	43	Bazelgeuse Ambition	Guts			
493	503		Seething Bazel β +	Waist		Bombardier 2	42	Bazelgeuse Ambition	Guts			
494	504		Seething Bazel β +	Leg		Earplugs 1, Jump Master 1	42	Bazelgeuse Ambition	Guts			
495	505		Savage Jho α +	Head		Partbreaker 1, Handicraft 2	1	Deviljho Essence		Stamina Thief Secret		
496	506		Savage Jho α +	Chest		Speed Eating 1, Handicraft 2	2	Deviljho Essence		Stamina Thief Secret		
497	507		Savage Jho α +	Arm		Stamina Thief 2, Partbreaker 1	2	Deviljho Essence		Stamina Thief Secret		
498	508		Savage Jho α +	Waist		Stamina Thief 2, Handicraft 1	1	Deviljho Essence		Stamina Thief Secret		
499	509		Savage Jho α +	Leg		Speed Eating 2, Stamina Thief 1	22	Deviljho Essence		Stamina Thief Secret		
500	510		Savage Jho β +	Head		Partbreaker 1	43	Deviljho Essence		Stamina Thief Secret		
501	511		Savage Jho β +	Chest		Speed Eating 1	422	Deviljho Essence		Stamina Thief Secret		
502	512		Savage Jho β +	Arm		Stamina Thief 2	4	Deviljho Essence		Stamina Thief Secret		
503	513		Savage Jho β +	Waist		Stamina Thief 2	41	Deviljho Essence		Stamina Thief Secret		
504	514		Savage Jho β +	Leg		Speed Eating 1, Stamina Thief 1	42	Deviljho Essence		Stamina Thief Secret		
505	515		Velkhana α +	Head		Divine Blessing 2, Coalescence 1	32	Velkhana Divinity	Critical Element		Frostcraft	
506	516		Velkhana α +	Chest		Quick Sheath 2, Critical Draw 1	1	Velkhana Divinity	Critical Element		Frostcraft	
507	517		Velkhana α +	Arm		Quick Sheath 1, Flinch Free 2	1	Velkhana Divinity	Critical Element		Frostcraft	
508	518		Velkhana α +	Waist		Flinch Free 1, Coalescence 1	21	Velkhana Divinity	Critical Element		Frostcraft	
509	519		Velkhana α +	Leg		Critical Draw 2, Coalescence 1	11	Velkhana Divinity	Critical Element		Frostcraft	
510	520		Velkhana β +	Head		Divine Blessing 2	42	Velkhana Divinity	Critical Element		Frostcraft	
511	521		Velkhana β +	Chest		Quick Sheath 2	41	Velkhana Divinity	Critical Element		Frostcraft	
512	522		Velkhana β +	Arm		Quick Sheath 1, Flinch Free 1	4	Velkhana Divinity	Critical Element		Frostcraft	
513	523		Velkhana β +	Waist		Flinch Free 1	41	Velkhana Divinity	Critical Element		Frostcraft	
514	524		Velkhana β +	Leg		Critical Draw 2	41	Velkhana Divinity	Critical Element		Frostcraft	
515	525		Blackveil Hazak α +	Head		Peak Performance 2, Dragon Attack 2	1	Vaal Soulvein	Super Recovery			
516	526		Blackveil Hazak α +	Chest		Recovery Speed 2, Dragon Attack 2	31	Vaal Soulvein	Super Recovery			
517	527		Blackveil Hazak α +	Arm		Recovery Up 2, Speed Eating 1	211	Vaal Soulvein	Super Recovery			
518	528		Blackveil Hazak α +	Waist		Speed Eating 2, Peak Performance 1	21	Vaal Soulvein	Super Recovery			
519	529		Blackveil Hazak α +	Leg		Effluvia Resistance 2, Dragon Attack 2	32	Vaal Soulvein	Super Recovery			
520	530		Blackveil Hazak β +	Head		Peak Performance 2	41	Vaal Soulvein	Super Recovery			
521	531		Blackveil Hazak β +	Chest		Recovery Speed 2, Dragon Attack 1	42	Vaal Soulvein	Super Recovery			
522	532		Blackveil Hazak β +	Arm		Recovery Up 2	411	Vaal Soulvein	Super Recovery			
523	533		Blackveil Hazak β +	Waist		Speed Eating 2	42	Vaal Soulvein	Super Recovery			
524	534		Blackveil Hazak β +	Leg		Effluvia Resistance 2	43	Vaal Soulvein	Super Recovery			
525	535		Teostra α +	Head		Latent Power 2, Critical Eye 2	1	Teostra Technique		Master's Touch		
526	536		Teostra α +	Chest		Latent Power 1, Special Ammo Boost 2	21	Teostra Technique		Master's Touch		
527	537		Teostra α +	Arm		Weakness Exploit 2, Heat Guard 1	2	Teostra Technique		Master's Touch		
528	538		Teostra α +	Waist		Blast Attack 2, Weakness Exploit 1	3	Teostra Technique		Master's Touch		
529	539		Teostra α +	Leg		Latent Power 2, Blast Attack 2	2	Teostra Technique		Master's Touch		
530	540		Teostra β +	Head		Latent Power 1, Critical Eye 2	4	Teostra Technique		Master's Touch		
531	541		Teostra β +	Chest		Latent Power 1	411	Teostra Technique		Master's Touch		
532	542		Teostra β +	Arm		Weakness Exploit 1, Heat Guard 1	43	Teostra Technique		Master's Touch		
533	543		Teostra β +	Waist		Blast Attack 2	421	Teostra Technique		Master's Touch		
534	544		Teostra β +	Leg		Latent Power 2, Blast Attack 1	4	Teostra Technique		Master's Touch		
535	545		Kushala α +	Head		Ice Attack 2, Evade Window 2	2	Kushala Daora Flight		Nullify Wind Pressure		
536	546		Kushala α +	Chest		Handicraft 3	1	Kushala Daora Flight		Nullify Wind Pressure		
537	547		Kushala α +	Arm		Evade Window 3	1	Kushala Daora Flight		Nullify Wind Pressure		
538	548		Kushala α +	Waist		Ice Attack 3, Evade Extender 1	2	Kushala Daora Flight		Nullify Wind Pressure		
539	549		Kushala α +	Leg		Evade Extender 2, Handicraft 2	1	Kushala Daora Flight		Nullify Wind Pressure		
540	550		Kushala β +	Head		Ice Attack 2, Evade Window 1	41	Kushala Daora Flight		Nullify Wind Pressure		
541	551		Kushala β +	Chest		Handicraft 2	42	Kushala Daora Flight		Nullify Wind Pressure		
542	552		Kushala β +	Arm		Evade Window 2	42	Kushala Daora Flight		Nullify Wind Pressure		
543	553		Kushala β +	Waist		Ice Attack 3	41	Kushala Daora Flight		Nullify Wind Pressure		
544	554		Kushala β +	Leg		Evade Extender 2	43	Kushala Daora Flight		Nullify Wind Pressure		
545	555		Kirin α +	Head		Marathon Runner 2, Divine Blessing 2	31	Kirin Divinity		Great Luck		
546	556		Kirin α +	Chest		Critical Eye 3, Divine Blessing 1	32	Kirin Divinity		Great Luck		
547	557		Kirin α +	Arm		Thunder Attack 3, Marathon Runner 1	32	Kirin Divinity		Great Luck		
548	558		Kirin α +	Waist		Blight Resistance 2, Free Elem/Ammo Up 1	2	Kirin Divinity		Great Luck		
549	559		Kirin α +	Leg		Free Elem/Ammo Up 2, Critical Eye 2	1	Kirin Divinity		Great Luck		
550	560		Kirin β +	Head		Marathon Runner 2	411	Kirin Divinity		Great Luck		
551	561		Kirin β +	Chest		Critical Eye 2, Divine Blessing 1	42	Kirin Divinity		Great Luck		
552	562		Kirin β +	Arm		Thunder Attack 3	422	Kirin Divinity		Great Luck		
553	563		Kirin β +	Waist		Blight Resistance 2	411	Kirin Divinity		Great Luck		
554	564		Kirin β +	Leg		Free Elem/Ammo Up 2	4	Kirin Divinity		Great Luck		
555	565		Namielle α +	Head		Constitution 3, Maximum Might 1	1	Namielle Divinity	Element Acceleration		True Element Acceleration	
556	566		Namielle α +	Chest		Blight Resistance 2, Tool Specialist 1	22	Namielle Divinity	Element Acceleration		True Element Acceleration	
557	567		Namielle α +	Arm		Tool Specialist 2, Maximum Might 1	1	Namielle Divinity	Element Acceleration		True Element Acceleration	
558	568		Namielle α +	Waist		Constitution 2, Stamina Surge 1	111	Namielle Divinity	Element Acceleration		True Element Acceleration	
559	569		Namielle α +	Leg		Stamina Surge 2, Blight Resistance 1	21	Namielle Divinity	Element Acceleration		True Element Acceleration	
560	570		Namielle β +	Head		Constitution 2, Maximum Might 1	4	Namielle Divinity	Element Acceleration		True Element Acceleration	
561	571		Namielle β +	Chest		Blight Resistance 1, Tool Specialist 1	42	Namielle Divinity	Element Acceleration		True Element Acceleration	
562	572		Namielle β +	Arm		Tool Specialist 2	4	Namielle Divinity	Element Acceleration		True Element Acceleration	
563	573		Namielle β +	Waist		Constitution 1, Stamina Surge 1	411	Namielle Divinity	Element Acceleration		True Element Acceleration	
564	574		Namielle β +	Leg		Stamina Surge 2	42	Namielle Divinity	Element Acceleration		True Element Acceleration	
596	575		Guild Palace α +	Head		Health Boost 2, Offensive Guard 1	3	Guild Pride	Good Luck		Carving Master	
597	576		Guild Palace α +	Chest		Agitator 2, Heroics 1	11	Guild Pride	Good Luck		Carving Master	
598	577		Guild Palace α +	Arm		Offensive Guard 2, Heroics 1	3	Guild Pride	Good Luck		Carving Master	
599	578		Guild Palace α +	Waist		Agitator 3, Resuscitate 1	11	Guild Pride	Good Luck		Carving Master	
600	579		Guild Palace α +	Leg		Heroics 3, Health Boost 1	2	Guild Pride	Good Luck		Carving Master	
601	580		Guild Palace β +	Head		Health Boost 2	42	Guild Pride	Good Luck		Carving Master	
602	581		Guild Palace β +	Chest		Agitator 1, Heroics 1	42	Guild Pride	Good Luck		Carving Master	
603	582		Guild Palace β +	Arm		Offensive Guard 2	41	Guild Pride	Good Luck		Carving Master	
604	583		Guild Palace β +	Waist		Agitator 2, Resuscitate 1	41	Guild Pride	Good Luck		Carving Master	
605	584		Guild Palace β +	Leg		Heroics 2, Health Boost 1	41	Guild Pride	Good Luck		Carving Master	
565	585		Shara Ishvalda α +	Head		Recovery Up 2, Partbreaker 1	31	Shara Ishvalda Divinity			Gaia's Veil	True Gaia's Veil
566	586		Shara Ishvalda α +	Chest		Coalescence 2, Health Boost 1	32	Shara Ishvalda Divinity			Gaia's Veil	True Gaia's Veil
567	587		Shara Ishvalda α +	Arm		Critical Boost 2, Coalescence 1	1	Shara Ishvalda Divinity			Gaia's Veil	True Gaia's Veil
568	588		Shara Ishvalda α +	Waist		Health Boost 2, Recovery Up 1	32	Shara Ishvalda Divinity			Gaia's Veil	True Gaia's Veil
569	589		Shara Ishvalda α +	Leg		Partbreaker 2, Defense Boost 2	111	Shara Ishvalda Divinity			Gaia's Veil	True Gaia's Veil
570	590		Shara Ishvalda β +	Head		Recovery Up 2	42	Shara Ishvalda Divinity			Gaia's Veil	True Gaia's Veil
571	591		Shara Ishvalda β +	Chest		Coalescence 2	42	Shara Ishvalda Divinity			Gaia's Veil	True Gaia's Veil
572	592		Shara Ishvalda β +	Arm		Critical Boost 2	4	Shara Ishvalda Divinity			Gaia's Veil	True Gaia's Veil
573	593		Shara Ishvalda β +	Waist		Health Boost 2	43	Shara Ishvalda Divinity			Gaia's Veil	True Gaia's Veil
574	594		Shara Ishvalda β +	Leg		Partbreaker 1, Defense Boost 1	421	Shara Ishvalda Divinity			Gaia's Veil	True Gaia's Veil
575	595		Zorah α +	Head		Flinch Free 1, Artillery 2	22	Zorah Magdaros Essence		Artillery Secret		
576	596		Zorah α +	Chest		Tremor Resistance 2, Artillery 2	31	Zorah Magdaros Essence		Artillery Secret		
577	597		Zorah α +	Arm		Flinch Free 2, Free Meal 1	11	Zorah Magdaros Essence		Artillery Secret		
578	598		Zorah α +	Waist		Tremor Resistance 1, Artillery 1	32	Zorah Magdaros Essence		Artillery Secret		
579	599		Zorah α +	Leg		Earplugs 1, Handicraft 1	31	Zorah Magdaros Essence		Artillery Secret		
580	600		Zorah β +	Head		Flinch Free 1	421	Zorah Magdaros Essence		Artillery Secret		
581	601		Zorah β +	Chest		Tremor Resistance 2	42	Zorah Magdaros Essence		Artillery Secret		
582	602		Zorah β +	Arm		Flinch Free 2	41	Zorah Magdaros Essence		Artillery Secret		
583	603		Zorah β +	Waist		Tremor Resistance 1	43	Zorah Magdaros Essence		Artillery Secret		
584	604		Zorah β +	Leg		Earplugs 1	43	Zorah Magdaros Essence		Artillery Secret		
606	605		Yian Garuga α +	Head		Critical Eye 2, Resentment 1	3					
607	606		Yian Garuga α +	Chest		Earplugs 2, Critical Eye 2	1					
608	607		Yian Garuga α +	Arm		Earplugs 3	1					
609	608		Yian Garuga α +	Waist		Resentment 2, Poison Attack 2	11					
610	609		Yian Garuga α +	Leg		Critical Eye 2, Piercing Shots 1	33					
611	610		Yian Garuga β +	Head		Critical Eye 1, Resentment 1	42					
612	611		Yian Garuga β +	Chest		Earplugs 1, Critical Eye 2	4					
613	612		Yian Garuga β +	Arm		Earplugs 2	4					
614	613		Yian Garuga β +	Waist		Resentment 2	43					
615	614		Yian Garuga β +	Leg		Critical Eye 2	422					
585	615		Zinogre α +	Head		Power Prolonger 2, Critical Boost 1	1	Zinogre Essence		Latent Power Secret		
586	616		Zinogre α +	Chest		Latent Power 3, Normal Shots 1	3	Zinogre Essence		Latent Power Secret		
587	617		Zinogre α +	Arm		Recovery Speed 2, Latent Power 2	21	Zinogre Essence		Latent Power Secret		
588	618		Zinogre α +	Waist		Power Prolonger 1, Thunder Attack 2	2	Zinogre Essence		Latent Power Secret		
589	619		Zinogre α +	Leg		Thunder Attack 3, Latent Power 2	1	Zinogre Essence		Latent Power Secret		
590	620		Zinogre β +	Head		Power Prolonger 1, Critical Boost 1	4	Zinogre Essence		Latent Power Secret		
591	621		Zinogre β +	Chest		Latent Power 3	4	Zinogre Essence		Latent Power Secret		
592	622		Zinogre β +	Arm		Recovery Speed 1, Latent Power 2	42	Zinogre Essence		Latent Power Secret		
593	623		Zinogre β +	Waist		Power Prolonger 1	42	Zinogre Essence		Latent Power Secret		
594	624		Zinogre β +	Leg		Thunder Attack 1, Latent Power 2	41	Zinogre Essence		Latent Power Secret		
616	625		Golden Lune α +	Head		Health Boost 2, Poison Attack 2	22	Gold Rathian Essence	Divine Blessing Secret		True Critical Status	
617	626		Golden Lune α +	Chest		Divine Blessing 2, Resentment 1	31	Gold Rathian Essence	Divine Blessing Secret		True Critical Status	
618	627		Golden Lune α +	Arm		Resentment 2, Poison Attack 2	2	Gold Rathian Essence	Divine Blessing Secret		True Critical Status	
619	628		Golden Lune α +	Waist		Divine Blessing 3, Health Boost 1	22	Gold Rathian Essence	Divine Blessing Secret		True Critical Status	
620	629		Golden Lune α +	Leg		Weakness Exploit 2, Spread/Power Shots 1	1	Gold Rathian Essence	Divine Blessing Secret		True Critical Status	
621	630		Golden Lune β +	Head		Health Boost 2	42	Gold Rathian Essence	Divine Blessing Secret		True Critical Status	
622	631		Golden Lune β +	Chest		Divine Blessing 2	421	Gold Rathian Essence	Divine Blessing Secret		True Critical Status	
623	632		Golden Lune β +	Arm		Resentment 2	42	Gold Rathian Essence	Divine Blessing Secret		True Critical Status	
624	633		Golden Lune β +	Waist		Divine Blessing 3	42	Gold Rathian Essence	Divine Blessing Secret		True Critical Status	
625	634		Golden Lune β +	Leg		Weakness Exploit 2	4	Gold Rathian Essence	Divine Blessing Secret		True Critical Status	
626	635		Silver Sol α +	Head		Windproof 2, Fire Attack 2	22	Silver Rathalos Essence	Slinger Ammo Secret		True Critical Element	
627	636		Silver Sol α +	Chest		Critical Boost 2, Fire Attack 2	1	Silver Rathalos Essence	Slinger Ammo Secret		True Critical Element	
628	637		Silver Sol α +	Arm		Slinger Capacity 3, Windproof 1	22	Silver Rathalos Essence	Slinger Ammo Secret		True Critical Element	
629	638		Silver Sol α +	Waist		Windproof 2, Critical Boost 1	11	Silver Rathalos Essence	Slinger Ammo Secret		True Critical Element	
630	639		Silver Sol α +	Leg		Slinger Capacity 2, Fire Attack 2	32	Silver Rathalos Essence	Slinger Ammo Secret		True Critical Element	
631	640		Silver Sol β +	Head		Windproof 2	43	Silver Rathalos Essence	Slinger Ammo Secret		True Critical Element	
632	641		Silver Sol β +	Chest		Critical Boost 2	4	Silver Rathalos Essence	Slinger Ammo Secret		True Critical Element	
633	642		Silver Sol β +	Arm		Slinger Capacity 3	42	Silver Rathalos Essence	Slinger Ammo Secret		True Critical Element	
634	643		Silver Sol β +	Waist		Windproof 1, Critical Boost 1	41	Silver Rathalos Essence	Slinger Ammo Secret		True Critical Element	
635	644		Silver Sol β +	Leg		Slinger Capacity 2	421	Silver Rathalos Essence	Slinger Ammo Secret		True Critical Element	
636	645		Ruiner Nergi α +	Head		Maximum Might 2, Stamina Surge 1	31	Nergigante Ambition	Hasten Recovery			
637	646		Ruiner Nergi α +	Chest		Stamina Surge 2, Maximum Might 1	22	Nergigante Ambition	Hasten Recovery			
638	647		Ruiner Nergi α +	Arm		Agitator 2, Attack Boost 2	3	Nergigante Ambition	Hasten Recovery			
639	648		Ruiner Nergi α +	Waist		Attack Boost 3, Earplugs 1	21	Nergigante Ambition	Hasten Recovery			
640	649		Ruiner Nergi α +	Leg		Earplugs 2, Agitator 1	2	Nergigante Ambition	Hasten Recovery			
641	650		Ruiner Nergi β +	Head		Maximum Might 2	42	Nergigante Ambition	Hasten Recovery			
642	651		Ruiner Nergi β +	Chest		Stamina Surge 2	42	Nergigante Ambition	Hasten Recovery			
643	652		Ruiner Nergi β +	Arm		Agitator 2, Attack Boost 1	41	Nergigante Ambition	Hasten Recovery			
644	653		Ruiner Nergi β +	Waist		Attack Boost 2, Earplugs 1	41	Nergigante Ambition	Hasten Recovery			
645	654		Ruiner Nergi β +	Leg		Earplugs 2	41	Nergigante Ambition	Hasten Recovery			
655	655		Guildwork α +	Head		Botanist 3, Honey Hunter 1	32	Guild Pride	Good Luck		Carving Master	
656	656		Guildwork α +	Chest		Cliffhanger 1, Flinch Free 1	311	Guild Pride	Good Luck		Carving Master	
657	657		Guildwork α +	Arm		Geologist 2, Botanist 1	32	Guild Pride	Good Luck		Carving Master	
658	658		Guildwork α +	Waist		Forager's Luck 1, Detector 1	32	Guild Pride	Good Luck		Carving Master	
659	659		Guildwork α +	Leg		Flinch Free 2, Geologist 1	21	Guild Pride	Good Luck		Carving Master	
660	660		Guildwork β +	Head		Botanist 2, Honey Hunter 1	43	Guild Pride	Good Luck		Carving Master	
661	661		Guildwork β +	Chest		Cliffhanger 1	422	Guild Pride	Good Luck		Carving Master	
662	662		Guildwork β +	Arm		Geologist 1, Botanist 1	43	Guild Pride	Good Luck		Carving Master	
663	663		Guildwork β +	Waist		Forager's Luck 1	43	Guild Pride	Good Luck		Carving Master	
664	664		Guildwork β +	Leg		Flinch Free 2	41	Guild Pride	Good Luck		Carving Master	
646	665		Rajang α +	Head		Weakness Exploit 2, Handicraft 2		Rajang's Rage	Mind's Eye/Ballistics		Protective Polish	
647	666		Rajang α +	Chest		Resentment 2, Speed Sharpening 2	31	Rajang's Rage	Mind's Eye/Ballistics		Protective Polish	
648	667		Rajang α +	Arm		Resentment 1, Handicraft 2	2	Rajang's Rage	Mind's Eye/Ballistics		Protective Polish	
649	668		Rajang α +	Waist		Weakness Exploit 1, Handicraft 1	31	Rajang's Rage	Mind's Eye/Ballistics		Protective Polish	
650	669		Rajang α +	Leg		Resentment 2, Attack Boost 2	22	Rajang's Rage	Mind's Eye/Ballistics		Protective Polish	
651	670		Rajang β +	Head		Weakness Exploit 2	41	Rajang's Rage	Mind's Eye/Ballistics		Protective Polish	
652	671		Rajang β +	Chest		Resentment 2	411	Rajang's Rage	Mind's Eye/Ballistics		Protective Polish	
653	672		Rajang β +	Arm		Resentment 1	43	Rajang's Rage	Mind's Eye/Ballistics		Protective Polish	
654	673		Rajang β +	Waist		Weakness Exploit 1	43	Rajang's Rage	Mind's Eye/Ballistics		Protective Polish	
655	674		Rajang β +	Leg		Resentment 2, Attack Boost 1	42	Rajang's Rage	Mind's Eye/Ballistics		Protective Polish	
656	675		Stygian Zin α +	Head		Latent Power 3, Tremor Resistance 2	21	Zinogre Essence		Latent Power Secret		
657	676		Stygian Zin α +	Chest		Windproof 3, Flinch Free 2	2	Zinogre Essence		Latent Power Secret		
658	677		Stygian Zin α +	Arm		Partbreaker 2, Dragon Attack 3	2	Zinogre Essence		Latent Power Secret		
659	678		Stygian Zin α +	Waist		Latent Power 3, Earplugs 2	111	Zinogre Essence		Latent Power Secret		
660	679		Stygian Zin α +	Leg		Focus 2, Elderseal Boost 1	11	Zinogre Essence		Latent Power Secret		
661	680		Stygian Zin β +	Head		Latent Power 3, Tremor Resistance 1	41	Zinogre Essence		Latent Power Secret		
662	681		Stygian Zin β +	Chest		Windproof 3, Flinch Free 1	4	Zinogre Essence		Latent Power Secret		
663	682		Stygian Zin β +	Arm		Partbreaker 2	43	Zinogre Essence		Latent Power Secret		
664	683		Stygian Zin β +	Waist		Latent Power 3, Earplugs 1	411	Zinogre Essence		Latent Power Secret		
665	684		Stygian Zin β +	Leg		Focus 2	41	Zinogre Essence		Latent Power Secret		
666	685		Safi'jiiva α +	Head		Evade Window 2, Critical Boost 1	211	Safi'jiiva Seal		Dragonvein Awakening		True Dragonvein Awakening
667	686		Safi'jiiva α +	Chest		Blight Resistance 2, Critical Boost 1	32	Safi'jiiva Seal		Dragonvein Awakening		True Dragonvein Awakening
668	687		Safi'jiiva α +	Arm		Blight Resistance 1, Maximum Might 1	222	Safi'jiiva Seal		Dragonvein Awakening		True Dragonvein Awakening
669	688		Safi'jiiva α +	Waist		Evade Window 2, Maximum Might 1	3	Safi'jiiva Seal		Dragonvein Awakening		True Dragonvein Awakening
670	689		Safi'jiiva α +	Leg		Critical Boost 1, Maximum Might 1	321	Safi'jiiva Seal		Dragonvein Awakening		True Dragonvein Awakening
671	690		Safi'jiiva β +	Head		Evade Window 1, Critical Boost 1	411	Safi'jiiva Seal		Dragonvein Awakening		True Dragonvein Awakening
672	691		Safi'jiiva β +	Chest		Blight Resistance 1, Critical Boost 1	42	Safi'jiiva Seal		Dragonvein Awakening		True Dragonvein Awakening
673	692		Safi'jiiva β +	Arm		Blight Resistance 1	422	Safi'jiiva Seal		Dragonvein Awakening		True Dragonvein Awakening
674	693		Safi'jiiva β +	Waist		Evade Window 2	41	Safi'jiiva Seal		Dragonvein Awakening		True Dragonvein Awakening
675	694		Safi'jiiva β +	Leg		Critical Boost 1	421	Safi'jiiva Seal		Dragonvein Awakening		True Dragonvein Awakening
676	695		Oolong α +	Head		Critical Eye 3	4	Joyful Blessing		Joy's Gift		Joy's Gratitude
677	696		Oolong α +	Chest		Stamina Surge 2	4	Joyful Blessing		Joy's Gift		Joy's Gratitude
678	697		Oolong α +	Arm		Coalescence 2	4	Joyful Blessing		Joy's Gift		Joy's Gratitude
679	698		Oolong α +	Waist		Constitution 3	11	Joyful Blessing		Joy's Gift		Joy's Gratitude
680	699		Oolong α +	Leg		Health Boost 2	42	Joyful Blessing		Joy's Gift		Joy's Gratitude
681	700		Banuk α +	Head		Focus 2, Aquatic/Polar Mobility 1	411	Anjanath Dominance	Stamina Cap Up			
682	701		Banuk α +	Chest		Marathon Runner 1, Stamina Surge 1	43	Anjanath Dominance	Stamina Cap Up			
683	702		Banuk α +	Arm		Focus 1, Stamina Surge 1	43	Anjanath Dominance	Stamina Cap Up			
684	703		Banuk α +	Waist		Marathon Runner 2, Aquatic/Polar Mobility 1	411	Anjanath Dominance	Stamina Cap Up			
685	704		Banuk α +	Leg		Stamina Surge 1, Resuscitate 1	422	Anjanath Dominance	Stamina Cap Up			
686	705		Buff Body α +	Chest		Agitator 3, Fortify 1	111					
687	706		Buff Body α +	Arm		Attack Boost 3, Resuscitate 1	4					
688	707		Buff Body α +	Waist		Agitator 2, Heroics 3	4					
689	708		Buff Body α +	Leg		Attack Boost 3, Heroics 2	4					
595	709		Pearlspring α +	Head		Recovery Up 2	21					
690	710		Duffel Penguin Mask α +	Head		Evade Window 2	4					
691	711		Sealed Dragon Cloth α +	Head		Resentment 1	44					